{"cameraMode":{"drawMode":0,"name":"Shaded","section":"Shading Mode"},"sceneLighting":true,"audioPlay":false,"sceneViewState":{"showFog":true,"showMaterialUpdate":false,"showSkybox":true,"showFlares":true,"showImageEffects":true,"showParticleSystems":true},"in2DMode":false,"pivot":{"x":2.1503114700317385,"y":-1.1426761150360108,"z":-13.630475997924805},"rotation":{"x":-0.234065443277359,"y":0.6461954116821289,"z":-0.21831737458705903,"w":-0.6928076148033142},"size":6.303350925445557,"orthographic":false}