{"cameraMode":{"drawMode":0,"name":"Shaded","section":"Shading Mode"},"sceneLighting":false,"audioPlay":false,"sceneViewState":{"showFog":true,"showMaterialUpdate":false,"showSkybox":true,"showFlares":true,"showImageEffects":true,"showParticleSystems":true},"in2DMode":false,"pivot":{"x":-0.3574099838733673,"y":-0.3637208938598633,"z":0.5406660437583923},"rotation":{"x":-0.4742082357406616,"y":0.5251860022544861,"z":-0.48195531964302065,"w":-0.5167450308799744},"size":15.382286071777344,"orthographic":false}